clave,nombre,creditos,semestre,calificacion
1120,Algebra,8,1,6.180769477676366
1121,Calculo y geometria analitica,12,1,9.316623845959088
1123,Quimica,10,1,6.632981221710485
1130,Fundamentos de fisica,6,1,7.0893008444766075
1122,Fundamentos de programacion,10,1,9.743461577559803
