clave,nombre,creditos,semestre,calificacion
1120,Algebra,8,1,9.228152361953029
1121,Calculo y geometria analitica,12,1,6.960663160746922
1123,Quimica,10,1,7.637918677304966
1130,Fundamentos de fisica,6,1,7.424265022857403
1122,Fundamentos de programacion,10,1,7.993280277502503
