clave,nombre,creditos,semestre,calificacion
1120,Algebra,8,1,8.372155060403465
1121,Calculo y geometria analitica,12,1,6.7469357533472
1123,Quimica,10,1,8.298503451720544
1130,Fundamentos de fisica,6,1,9.84539410655794
1122,Fundamentos de programacion,10,1,7.821788730526377
