clave,nombre,creditos,semestre,calificacion
1120,Algebra,8,1,8.100575036880945
1121,Calculo y geometria analitica,12,1,9.153317116905084
1123,Quimica,10,1,6.240290676369648
1130,Fundamentos de fisica,6,1,6.396029786669987
1122,Fundamentos de programacion,10,1,8.570648644664876
