clave,nombre,creditos,semestre,calificacion
1120,Algebra,8,1,6.271359603851184
1121,Calculo y geometria analitica,12,1,7.537416064464566
1123,Quimica,10,1,9.551590907986178
1130,Fundamentos de fisica,6,1,9.629067701620531
1122,Fundamentos de programacion,10,1,7.609205391104153
