clave,nombre,creditos,semestre,calificacion
1120,Algebra,8,1,6.322523227118185
1121,Calculo y geometria analitica,12,1,9.692366346811003
1123,Quimica,10,1,9.757254370886582
1130,Fundamentos de fisica,6,1,6.297248840102906
1122,Fundamentos de programacion,10,1,6.4017432579728215
