clave,nombre,creditos,semestre,calificacion
1120,Algebra,8,1,9.400548640017599
1121,Calculo y geometria analitica,12,1,6.028335498059079
1123,Quimica,10,1,9.865740926322276
1130,Fundamentos de fisica,6,1,6.6557247374423305
1122,Fundamentos de programacion,10,1,7.993079539847386
