clave,nombre,creditos,semestre,calificacion
1121,Calculo y geometria analitica,12,1,6.4168078378494116
1123,Quimica,10,1,8.588282151579387
1130,Fundamentos de fisica,6,1,7.18275591375248
1122,Fundamentos de programacion,10,1,7.489238232164706
1120,Algebra,8,1,8.317575872714148
