clave,nombre,creditos,semestre,calificacion
1120,Algebra,8,1,9.351368975717126
1121,Calculo y geometria analitica,12,1,8.350725914715264
1123,Quimica,10,1,6.3487784492254615
1130,Fundamentos de fisica,6,1,8.840184668271315
1122,Fundamentos de programacion,10,1,6.966290160556872
