clave,nombre,creditos,semestre,calificacion
1120,Algebra,8,1,8.187801859477194
1123,Quimica,10,1,7.133960853863375
1130,Fundamentos de fisica,6,1,9.918954296646136
1122,Fundamentos de programacion,10,1,6.522124433816955
1121,Calculo y geometria analitica,12,1,9.15190710524315
