clave,nombre,creditos,semestre,calificacion
1120,Algebra,8,1,7.342345114203144
1121,Calculo y geometria analitica,12,1,8.163168596135995
1123,Quimica,10,1,8.229002830439931
1130,Fundamentos de fisica,6,1,9.716220722369851
1122,Fundamentos de programacion,10,1,7.790655188143294
