clave,nombre,creditos,semestre,calificacion
1120,Algebra,8,1,6.81523445570868
1121,Calculo y geometria analitica,12,1,6.212866692215227
1123,Quimica,10,1,8.943630664882855
1122,Fundamentos de programacion,10,1,8.748568688531154
1130,Fundamentos de fisica,6,1,7.588736393309894
