clave,nombre,creditos,semestre,calificacion
1121,Calculo y geometria analitica,12,1,7.296212269039195
1123,Quimica,10,1,6.082238501441532
1130,Fundamentos de fisica,6,1,9.317138691136641
1122,Fundamentos de programacion,10,1,8.884193131731902
1120,Algebra,8,1,7.892377020927397
