clave,nombre,creditos,semestre,calificacion
1121,Calculo y geometria analitica,12,1,6.082023427711126
1123,Quimica,10,1,6.578561117285055
1130,Fundamentos de fisica,6,1,7.557628601478642
1122,Fundamentos de programacion,10,1,7.195812477462013
1120,Algebra,8,1,9.520778523069161
