clave,nombre,creditos,semestre,calificacion
1120,Algebra,8,1,7.5780202093385025
1121,Calculo y geometria analitica,12,1,6.939361898584522
1123,Quimica,10,1,6.4070992063406935
1130,Fundamentos de fisica,6,1,9.154113252855527
1122,Fundamentos de programacion,10,1,9.55750433018367
