clave,nombre,creditos,semestre,calificacion
1120,Algebra,8,1,6.264999046400853
1121,Calculo y geometria analitica,12,1,6.457792787476337
1123,Quimica,10,1,9.606197652424477
1130,Fundamentos de fisica,6,1,7.136151926589389
1122,Fundamentos de programacion,10,1,7.915554739347402
