clave,nombre,creditos,semestre,calificacion
1120,Algebra,8,1,9.535827072282924
1121,Calculo y geometria analitica,12,1,7.439281264900916
1123,Quimica,10,1,7.30657023264177
1130,Fundamentos de fisica,6,1,9.680830146920881
1122,Fundamentos de programacion,10,1,6.461721121903156
