clave,nombre,creditos,semestre,calificacion
1120,Algebra,8,1,9.054691273064602
1121,Calculo y geometria analitica,12,1,6.558985378108619
1123,Quimica,10,1,9.58532042598138
1130,Fundamentos de fisica,6,1,6.40681570667969
1122,Fundamentos de programacion,10,1,6.9512924806729774
