clave,nombre,creditos,semestre,calificacion
1120,Algebra,8,1,7.0639543115794865
1121,Calculo y geometria analitica,12,1,6.493201314414366
1123,Quimica,10,1,6.115923825847313
1130,Fundamentos de fisica,6,1,6.359917758620602
1122,Fundamentos de programacion,10,1,7.586345163107797
