clave,nombre,creditos,semestre,calificacion
1120,Algebra,8,1,7.233836378485109
1121,Calculo y geometria analitica,12,1,9.460567482270463
1123,Quimica,10,1,7.728549960343787
1130,Fundamentos de fisica,6,1,6.314490584573435
1122,Fundamentos de programacion,10,1,8.169549682090357
