clave,nombre,creditos,semestre,calificacion
1120,Algebra,8,1,7.021353321153274
1121,Calculo y geometria analitica,12,1,6.071280312815675
1123,Quimica,10,1,8.41957648716922
1130,Fundamentos de fisica,6,1,8.63926191972804
1122,Fundamentos de programacion,10,1,8.473057099578618
