clave,nombre,creditos,semestre,calificacion
1120,Algebra,8,1,6.998149281521349
1121,Calculo y geometria analitica,12,1,8.811779083442968
1123,Quimica,10,1,8.82801129719481
1122,Fundamentos de programacion,10,1,7.984364251754673
1130,Fundamentos de fisica,6,1,7.3065999450544705
