clave,nombre,creditos,semestre,calificacion
1120,Algebra,8,1,8.432994406819429
1123,Quimica,10,1,6.873442420322522
1130,Fundamentos de fisica,6,1,6.3312844406043025
1122,Fundamentos de programacion,10,1,6.403303945532825
1121,Calculo y geometria analitica,12,1,8.165265077744078
