clave,nombre,creditos,semestre,calificacion
1120,Algebra,8,1,7.059852324647796
1121,Calculo y geometria analitica,12,1,7.62920688638842
1123,Quimica,10,1,8.388391985332351
1130,Fundamentos de fisica,6,1,6.7285354747889485
1122,Fundamentos de programacion,10,1,8.586298064054372
