clave,nombre,creditos,semestre,calificacion
1120,Algebra,8,1,8.542752470635534
1121,Calculo y geometria analitica,12,1,8.972271949356202
1123,Quimica,10,1,9.392105491217771
1130,Fundamentos de fisica,6,1,8.65261169370583
1122,Fundamentos de programacion,10,1,9.628245034958256
