clave,nombre,creditos,semestre,calificacion
1120,Algebra,8,1,7.296531230310919
1121,Calculo y geometria analitica,12,1,9.906194969545087
1123,Quimica,10,1,8.245711275535403
1130,Fundamentos de fisica,6,1,9.936916016613232
1122,Fundamentos de programacion,10,1,8.211648056316038
