clave,nombre,creditos,semestre,calificacion
1120,Algebra,8,1,9.250344645781594
1121,Calculo y geometria analitica,12,1,8.70483465795433
1123,Quimica,10,1,6.353254211861719
1130,Fundamentos de fisica,6,1,6.697043960992772
1122,Fundamentos de programacion,10,1,9.099872000569576
