clave,nombre,creditos,semestre,calificacion
1120,Algebra,8,1,6.235462713217036
1121,Calculo y geometria analitica,12,1,9.451895987180114
1130,Fundamentos de fisica,6,1,9.623595997135741
1122,Fundamentos de programacion,10,1,6.435677994536056
1123,Quimica,10,1,6.487822995034602
