clave,nombre,creditos,semestre,calificacion
1120,Algebra,8,1,6.731884272729389
1123,Quimica,10,1,6.797957433864978
1130,Fundamentos de fisica,6,1,8.809640494313156
1122,Fundamentos de programacion,10,1,7.0960007490343
1121,Calculo y geometria analitica,12,1,7.364844519369929
