clave,nombre,creditos,semestre,calificacion
1120,Algebra,8,1,8.111726677896105
1121,Calculo y geometria analitica,12,1,6.149324814007569
1123,Quimica,10,1,9.756330861994233
1130,Fundamentos de fisica,6,1,7.292308495659025
1122,Fundamentos de programacion,10,1,6.889027143986615
