clave,nombre,creditos,semestre,calificacion
1120,Algebra,8,1,9.474753095157919
1121,Calculo y geometria analitica,12,1,9.039819922562685
1123,Quimica,10,1,7.391587573654159
1130,Fundamentos de fisica,6,1,7.272846090137603
1122,Fundamentos de programacion,10,1,7.756887033790955
