clave,nombre,creditos,semestre,calificacion
1121,Calculo y geometria analitica,12,1,7.037879167472061
1123,Quimica,10,1,9.869761264204051
1130,Fundamentos de fisica,6,1,9.430646156456056
1122,Fundamentos de programacion,10,1,8.34967593778425
1120,Algebra,8,1,9.635591411218726
