clave,nombre,creditos,semestre,calificacion
1121,Calculo y geometria analitica,12,1,9.213620770938444
1123,Quimica,10,1,8.993875744159016
1130,Fundamentos de fisica,6,1,9.678461600546662
1122,Fundamentos de programacion,10,1,8.51467423449953
1120,Algebra,8,1,7.815555836274795
