clave,nombre,creditos,semestre,calificacion
1120,Algebra,8,1,9.712548741395576
1121,Calculo y geometria analitica,12,1,9.013012683265869
1123,Quimica,10,1,7.282616525765727
1130,Fundamentos de fisica,6,1,9.450251646083114
1122,Fundamentos de programacion,10,1,9.532776877089237
