clave,nombre,creditos,semestre,calificacion
1120,Algebra,8,1,6.2005642092421125
1121,Calculo y geometria analitica,12,1,9.29106732124692
1123,Quimica,10,1,7.412370254243228
1130,Fundamentos de fisica,6,1,7.0640946651508605
1122,Fundamentos de programacion,10,1,6.810300894894054
