clave,nombre,creditos,semestre,calificacion
1120,Algebra,8,1,6.118874286372436
1121,Calculo y geometria analitica,12,1,6.268233368444459
1123,Quimica,10,1,8.403509488053064
1122,Fundamentos de programacion,10,1,6.001586263428561
1130,Fundamentos de fisica,6,1,8.057373131411646
