clave,nombre,creditos,semestre,calificacion
1120,Algebra,8,1,9.050705032037442
1121,Calculo y geometria analitica,12,1,8.957716131631187
1123,Quimica,10,1,6.768891943711665
1130,Fundamentos de fisica,6,1,6.079760013586518
1122,Fundamentos de programacion,10,1,9.306380830532975
