clave,nombre,creditos,semestre,calificacion
1121,Calculo y geometria analitica,12,1,8.315446622584211
1123,Quimica,10,1,6.58322022294365
1130,Fundamentos de fisica,6,1,8.194755366821898
1122,Fundamentos de programacion,10,1,9.36254832180417
1120,Algebra,8,1,7.080141987919688
