clave,nombre,creditos,semestre,calificacion
1120,Algebra,8,1,9.349791255813454
1121,Calculo y geometria analitica,12,1,7.2224808953775295
1123,Quimica,10,1,7.0106914807059795
1122,Fundamentos de programacion,10,1,8.500458474714206
1130,Fundamentos de fisica,6,1,7.5961565450854245
