clave,nombre,creditos,semestre,calificacion
1120,Algebra,8,1,9.401365992262726
1121,Calculo y geometria analitica,12,1,9.607102775033596
1123,Quimica,10,1,8.180409119622045
1130,Fundamentos de fisica,6,1,6.14400151862347
1122,Fundamentos de programacion,10,1,8.423376307024528
