clave,nombre,creditos,semestre,calificacion
1120,Algebra,8,1,9.907706786224981
1121,Calculo y geometria analitica,12,1,9.162938025856338
1130,Fundamentos de fisica,6,1,8.752254471486431
1122,Fundamentos de programacion,10,1,9.55819604009878
1123,Quimica,10,1,8.063582032211423
