clave,nombre,creditos,semestre,calificacion
1120,Algebra,8,1,8.400056807284427
1121,Calculo y geometria analitica,12,1,9.14020648735599
1123,Quimica,10,1,7.923647487122002
1130,Fundamentos de fisica,6,1,6.737285705268279
1122,Fundamentos de programacion,10,1,9.063180234890051
