clave,nombre,creditos,semestre,calificacion
1120,Algebra,8,1,9.423453196414112
1121,Calculo y geometria analitica,12,1,7.165569606150086
1123,Quimica,10,1,9.546333502519133
1130,Fundamentos de fisica,6,1,9.692214369385715
1122,Fundamentos de programacion,10,1,9.045313608743806
