clave,nombre,creditos,semestre,calificacion
1120,Algebra,8,1,7.65155115791632
1121,Calculo y geometria analitica,12,1,6.457121676392156
1130,Fundamentos de fisica,6,1,6.94223747101514
1122,Fundamentos de programacion,10,1,8.761115790631248
1123,Quimica,10,1,9.010774807211353
