clave,nombre,creditos,semestre,calificacion
1120,Algebra,8,1,9.663414387394342
1121,Calculo y geometria analitica,12,1,6.746940031523092
1123,Quimica,10,1,6.107143120122144
1130,Fundamentos de fisica,6,1,6.75213872865098
1122,Fundamentos de programacion,10,1,9.01570408475219
