clave,nombre,creditos,semestre,calificacion
1120,Algebra,8,1,6.503004323847653
1121,Calculo y geometria analitica,12,1,8.002032007780123
1123,Quimica,10,1,6.797350122988606
1130,Fundamentos de fisica,6,1,7.712460019518227
1122,Fundamentos de programacion,10,1,9.544388939797921
