clave,nombre,creditos,semestre,calificacion
1120,Algebra,8,1,8.26689608238419
1121,Calculo y geometria analitica,12,1,9.829586543238467
1123,Quimica,10,1,7.6160045496398086
1130,Fundamentos de fisica,6,1,6.8770096051500715
1122,Fundamentos de programacion,10,1,7.086404684529317
