clave,nombre,creditos,semestre,calificacion
1120,Algebra,8,1,9.077188833931654
1121,Calculo y geometria analitica,12,1,6.364595635773772
1123,Quimica,10,1,6.979193256647776
1130,Fundamentos de fisica,6,1,8.402589003332933
1122,Fundamentos de programacion,10,1,8.252245340806628
