clave,nombre,creditos,semestre,calificacion
1120,Algebra,8,1,7.164909476861909
1121,Calculo y geometria analitica,12,1,7.573209344634291
1123,Quimica,10,1,7.399321316387238
1130,Fundamentos de fisica,6,1,6.4594095742336854
1122,Fundamentos de programacion,10,1,9.366590543133562
