clave,nombre,creditos,semestre,calificacion
1120,Algebra,8,1,6.287912035007504
1121,Calculo y geometria analitica,12,1,8.482151461141354
1123,Quimica,10,1,7.775154904527786
1130,Fundamentos de fisica,6,1,6.235031190977824
1122,Fundamentos de programacion,10,1,7.632236623922209
