clave,nombre,creditos,semestre,calificacion
1120,Algebra,8,1,6.5554278961980685
1121,Calculo y geometria analitica,12,1,7.876978933846718
1130,Fundamentos de fisica,6,1,8.313155674596354
1122,Fundamentos de programacion,10,1,6.605648211535966
1123,Quimica,10,1,8.002362989078023
