clave,nombre,creditos,semestre,calificacion
1120,Algebra,8,1,6.27274992099921
1121,Calculo y geometria analitica,12,1,7.309850612223062
1123,Quimica,10,1,7.5151764442512015
1122,Fundamentos de programacion,10,1,8.985690399024412
1130,Fundamentos de fisica,6,1,7.20010337583331
