clave,nombre,creditos,semestre,calificacion
1121,Calculo y geometria analitica,12,1,7.461221581912078
1123,Quimica,10,1,7.37289972813626
1130,Fundamentos de fisica,6,1,6.655454434251201
1122,Fundamentos de programacion,10,1,8.082885600514999
1120,Algebra,8,1,6.599658947774373
