clave,nombre,creditos,semestre,calificacion
1120,Algebra,8,1,7.143716539146443
1121,Calculo y geometria analitica,12,1,6.492461246697003
1123,Quimica,10,1,6.463314679811598
1130,Fundamentos de fisica,6,1,8.87011121887641
1122,Fundamentos de programacion,10,1,6.799061483160554
