clave,nombre,creditos,semestre,calificacion
1120,Algebra,8,1,8.102601723806112
1121,Calculo y geometria analitica,12,1,7.763819339436852
1130,Fundamentos de fisica,6,1,8.926250680121711
1122,Fundamentos de programacion,10,1,9.296630454281427
1123,Quimica,10,1,7.169989245033603
