clave,nombre,creditos,semestre,calificacion
1120,Algebra,8,1,6.326174677411417
1123,Quimica,10,1,6.017366393340739
1130,Fundamentos de fisica,6,1,9.51939086943744
1122,Fundamentos de programacion,10,1,9.036470385348423
1121,Calculo y geometria analitica,12,1,9.965783726017076
