clave,nombre,creditos,semestre,calificacion
1121,Calculo y geometria analitica,12,1,6.353270300595883
1123,Quimica,10,1,7.455285647584042
1130,Fundamentos de fisica,6,1,7.0943102564258655
1122,Fundamentos de programacion,10,1,9.748873156597156
1120,Algebra,8,1,7.624713223425967
