clave,nombre,creditos,semestre,calificacion
1121,Calculo y geometria analitica,12,1,8.636089247515178
1123,Quimica,10,1,6.486243138884442
1130,Fundamentos de fisica,6,1,8.551487564874481
1122,Fundamentos de programacion,10,1,9.604279218977592
1120,Algebra,8,1,6.551465630883063
