clave,nombre,creditos,semestre,calificacion
1120,Algebra,8,1,9.157643269078944
1121,Calculo y geometria analitica,12,1,9.99193359362524
1130,Fundamentos de fisica,6,1,8.832122267251627
1122,Fundamentos de programacion,10,1,8.263461303206562
1123,Quimica,10,1,9.520704543199733
