clave,nombre,creditos,semestre,calificacion
1120,Algebra,8,1,8.173402403323227
1121,Calculo y geometria analitica,12,1,7.728545851275445
1123,Quimica,10,1,8.74466543956321
1130,Fundamentos de fisica,6,1,7.427749621373948
1122,Fundamentos de programacion,10,1,7.254640523561116
