clave,nombre,creditos,semestre,calificacion
1121,Calculo y geometria analitica,12,1,7.114817226993523
1123,Quimica,10,1,8.877841815521398
1130,Fundamentos de fisica,6,1,9.510012206569256
1122,Fundamentos de programacion,10,1,8.602008082197548
1120,Algebra,8,1,8.028114408482574
