clave,nombre,creditos,semestre,calificacion
1120,Algebra,8,1,8.726845577157226
1121,Calculo y geometria analitica,12,1,9.600916664169729
1123,Quimica,10,1,9.63168000739717
1130,Fundamentos de fisica,6,1,8.730156742185548
1122,Fundamentos de programacion,10,1,9.25454574211146
