clave,nombre,creditos,semestre,calificacion
1120,Algebra,8,1,6.05533293490478
1121,Calculo y geometria analitica,12,1,6.326800617023773
1123,Quimica,10,1,8.208418164384728
1130,Fundamentos de fisica,6,1,8.162761725696608
1122,Fundamentos de programacion,10,1,6.091548332893407
