clave,nombre,creditos,semestre,calificacion
1120,Algebra,8,1,9.285330595201795
1121,Calculo y geometria analitica,12,1,8.711954046340555
1123,Quimica,10,1,6.121692047996548
1130,Fundamentos de fisica,6,1,6.365496749243226
1122,Fundamentos de programacion,10,1,6.922136744282483
