clave,nombre,creditos,semestre,calificacion
1120,Algebra,8,1,9.063802476804383
1121,Calculo y geometria analitica,12,1,9.968905254464019
1123,Quimica,10,1,9.881528298440273
1130,Fundamentos de fisica,6,1,8.197196724396854
1122,Fundamentos de programacion,10,1,6.1618127627739865
