clave,nombre,creditos,semestre,calificacion
1120,Algebra,8,1,7.744691890764326
1123,Quimica,10,1,6.800674711703294
1130,Fundamentos de fisica,6,1,6.96628774594801
1122,Fundamentos de programacion,10,1,8.590439889435702
1121,Calculo y geometria analitica,12,1,6.0876574187392745
