clave,nombre,creditos,semestre,calificacion
1120,Algebra,8,1,8.978064853636617
1121,Calculo y geometria analitica,12,1,7.126288043724978
1123,Quimica,10,1,9.159653173127666
1130,Fundamentos de fisica,6,1,7.291857481087051
1122,Fundamentos de programacion,10,1,8.921631923941497
