clave,nombre,creditos,semestre,calificacion
1120,Algebra,8,1,8.393451947285765
1121,Calculo y geometria analitica,12,1,9.623171647299598
1123,Quimica,10,1,9.646735267216355
1130,Fundamentos de fisica,6,1,8.036354535585666
1122,Fundamentos de programacion,10,1,6.1429620026544445
