clave,nombre,creditos,semestre,calificacion
1120,Algebra,8,1,6.307065899891111
1121,Calculo y geometria analitica,12,1,7.321693367901662
1123,Quimica,10,1,8.34545274541216
1130,Fundamentos de fisica,6,1,8.570275718142888
1122,Fundamentos de programacion,10,1,7.273172090733193
