clave,nombre,creditos,semestre,calificacion
1120,Algebra,8,1,9.989361241860456
1121,Calculo y geometria analitica,12,1,6.838512936699104
1123,Quimica,10,1,6.974171687058978
1130,Fundamentos de fisica,6,1,7.403614787938583
1122,Fundamentos de programacion,10,1,6.211628506114964
