clave,nombre,creditos,semestre,calificacion
1120,Algebra,8,1,8.631471452929741
1121,Calculo y geometria analitica,12,1,9.645909283267315
1123,Quimica,10,1,8.320199963787928
1130,Fundamentos de fisica,6,1,7.632295363669953
1122,Fundamentos de programacion,10,1,7.953901670890569
