clave,nombre,creditos,semestre,calificacion
1120,Algebra,8,1,9.8015762221011
1121,Calculo y geometria analitica,12,1,9.761890201940934
1123,Quimica,10,1,8.300931331343229
1130,Fundamentos de fisica,6,1,7.890012119537685
1122,Fundamentos de programacion,10,1,9.276832286771427
