clave,nombre,creditos,semestre,calificacion
1120,Algebra,8,1,6.400781465479624
1121,Calculo y geometria analitica,12,1,8.618439492201563
1123,Quimica,10,1,6.7045964454695
1130,Fundamentos de fisica,6,1,7.439189321570774
1122,Fundamentos de programacion,10,1,7.1768136966024105
