clave,nombre,creditos,semestre,calificacion
1120,Algebra,8,1,6.886323646353714
1121,Calculo y geometria analitica,12,1,8.229760881413675
1123,Quimica,10,1,6.442157447855406
1130,Fundamentos de fisica,6,1,7.8095074420363595
1122,Fundamentos de programacion,10,1,9.03582363280113
