clave,nombre,creditos,semestre,calificacion
1120,Algebra,8,1,6.5141869053007015
1121,Calculo y geometria analitica,12,1,7.6471824345249235
1123,Quimica,10,1,8.272008113938286
1130,Fundamentos de fisica,6,1,7.954185353397516
1122,Fundamentos de programacion,10,1,9.211495141796181
