clave,nombre,creditos,semestre,calificacion
1120,Algebra,8,1,7.0633596640369305
1121,Calculo y geometria analitica,12,1,6.357309725826
1123,Quimica,10,1,8.614637361264855
1130,Fundamentos de fisica,6,1,7.458163479829752
1122,Fundamentos de programacion,10,1,9.421086147709811
