clave,nombre,creditos,semestre,calificacion
1120,Algebra,8,1,6.7846589755243745
1121,Calculo y geometria analitica,12,1,8.821489002221853
1123,Quimica,10,1,8.366733401917983
1130,Fundamentos de fisica,6,1,8.23914924803562
1122,Fundamentos de programacion,10,1,6.6662849004404
