clave,nombre,creditos,semestre,calificacion
1120,Algebra,8,1,6.908702748167208
1121,Calculo y geometria analitica,12,1,7.660699236572379
1123,Quimica,10,1,7.690201987408583
1130,Fundamentos de fisica,6,1,7.298958979475536
1122,Fundamentos de programacion,10,1,6.588855636839158
