clave,nombre,creditos,semestre,calificacion
1120,Algebra,8,1,8.571042374016013
1121,Calculo y geometria analitica,12,1,8.650268232988662
1123,Quimica,10,1,6.606617220269223
1130,Fundamentos de fisica,6,1,7.820643485928722
1122,Fundamentos de programacion,10,1,6.507047537994644
