clave,nombre,creditos,semestre,calificacion
1121,Calculo y geometria analitica,12,1,7.008151050969348
1123,Quimica,10,1,8.59066213932693
1130,Fundamentos de fisica,6,1,7.821592088084461
1122,Fundamentos de programacion,10,1,8.066806135149394
1120,Algebra,8,1,6.598599606029811
