clave,nombre,creditos,semestre,calificacion
1120,Algebra,8,1,7.471677953245468
1121,Calculo y geometria analitica,12,1,8.905258767900374
1123,Quimica,10,1,9.49419760826782
1130,Fundamentos de fisica,6,1,6.589740015164206
1122,Fundamentos de programacion,10,1,9.880060972814196
