clave,nombre,creditos,semestre,calificacion
1120,Algebra,8,1,9.600316954293206
1121,Calculo y geometria analitica,12,1,7.38670967979284
1123,Quimica,10,1,8.989319420120097
1130,Fundamentos de fisica,6,1,9.551097770451872
1122,Fundamentos de programacion,10,1,7.448973031148574
