clave,nombre,creditos,semestre,calificacion
1120,Algebra,8,1,8.274169355831358
1121,Calculo y geometria analitica,12,1,7.555891629092999
1123,Quimica,10,1,6.480295004226242
1130,Fundamentos de fisica,6,1,8.57075352720819
1122,Fundamentos de programacion,10,1,9.37790125857338
