clave,nombre,creditos,semestre,calificacion
1120,Algebra,8,1,7.275005882665229
1121,Calculo y geometria analitica,12,1,6.622317152444262
1123,Quimica,10,1,7.594878455393884
1130,Fundamentos de fisica,6,1,9.310085194502557
1122,Fundamentos de programacion,10,1,6.694549929860619
