clave,nombre,creditos,semestre,calificacion
1120,Algebra,8,1,8.380678031577647
1121,Calculo y geometria analitica,12,1,7.363656341461023
1130,Fundamentos de fisica,6,1,7.485367867507859
1122,Fundamentos de programacion,10,1,8.600287243607125
1123,Quimica,10,1,8.881547915266804
