clave,nombre,creditos,semestre,calificacion
1120,Algebra,8,1,7.272673520321569
1123,Quimica,10,1,8.092425749074572
1130,Fundamentos de fisica,6,1,9.726100949463495
1122,Fundamentos de programacion,10,1,6.254052037828697
1121,Calculo y geometria analitica,12,1,9.6550171143266
