clave,nombre,creditos,semestre,calificacion
1120,Algebra,8,1,9.175557313497166
1123,Quimica,10,1,9.692076132489273
1130,Fundamentos de fisica,6,1,6.071178078622215
1122,Fundamentos de programacion,10,1,8.359637295378704
1121,Calculo y geometria analitica,12,1,9.976426507962211
