clave,nombre,creditos,semestre,calificacion
1120,Algebra,8,1,9.281876777446486
1121,Calculo y geometria analitica,12,1,8.65754121990673
1123,Quimica,10,1,7.219946474287232
1130,Fundamentos de fisica,6,1,9.909547581641819
1122,Fundamentos de programacion,10,1,9.71231317432715
