clave,nombre,creditos,semestre,calificacion
1120,Algebra,8,1,7.361702861360467
1121,Calculo y geometria analitica,12,1,6.264132931240042
1130,Fundamentos de fisica,6,1,8.609132632600014
1122,Fundamentos de programacion,10,1,7.640125821734185
1123,Quimica,10,1,8.236998528170496
