clave,nombre,creditos,semestre,calificacion
1120,Algebra,8,1,7.6491458971042166
1121,Calculo y geometria analitica,12,1,8.480907885910806
1123,Quimica,10,1,7.496335774238853
1130,Fundamentos de fisica,6,1,8.493211552902357
1122,Fundamentos de programacion,10,1,9.189719568119088
