clave,nombre,creditos,semestre,calificacion
1120,Algebra,8,1,6.536704816797931
1121,Calculo y geometria analitica,12,1,9.184926487204368
1123,Quimica,10,1,8.448226289350936
1130,Fundamentos de fisica,6,1,8.464494547834416
1122,Fundamentos de programacion,10,1,6.964340715334092
