clave,nombre,creditos,semestre,calificacion
1120,Algebra,8,1,7.877152118428301
1121,Calculo y geometria analitica,12,1,6.856617147690895
1123,Quimica,10,1,7.257671046871239
1130,Fundamentos de fisica,6,1,9.680684224767042
1122,Fundamentos de programacion,10,1,9.885701737420826
