clave,nombre,creditos,semestre,calificacion
1120,Algebra,8,1,7.509042883261988
1121,Calculo y geometria analitica,12,1,7.141755971637961
1130,Fundamentos de fisica,6,1,7.477276836377573
1122,Fundamentos de programacion,10,1,8.607692375844719
1123,Quimica,10,1,8.54383491156299
