clave,nombre,creditos,semestre,calificacion
1120,Algebra,8,1,6.479924607251274
1121,Calculo y geometria analitica,12,1,6.586993079665508
1123,Quimica,10,1,6.202530300102486
1130,Fundamentos de fisica,6,1,9.928306034470765
1122,Fundamentos de programacion,10,1,8.27887433422063
