clave,nombre,creditos,semestre,calificacion
1120,Algebra,8,1,9.529447121245731
1121,Calculo y geometria analitica,12,1,7.035164679945741
1123,Quimica,10,1,9.590068120754767
1130,Fundamentos de fisica,6,1,9.693187944082643
1122,Fundamentos de programacion,10,1,9.04340820365108
