clave,nombre,creditos,semestre,calificacion
1120,Algebra,8,1,9.266546908892671
1121,Calculo y geometria analitica,12,1,7.009785577130245
1123,Quimica,10,1,8.83399161552483
1130,Fundamentos de fisica,6,1,8.416436608305256
1122,Fundamentos de programacion,10,1,7.560608702144222
