clave,nombre,creditos,semestre,calificacion
1120,Algebra,8,1,9.719429668559872
1121,Calculo y geometria analitica,12,1,9.03474738264706
1123,Quimica,10,1,8.194615936716762
1130,Fundamentos de fisica,6,1,6.49190412078786
1122,Fundamentos de programacion,10,1,7.344361315743578
