clave,nombre,creditos,semestre,calificacion
1120,Algebra,8,1,7.787825653501669
1121,Calculo y geometria analitica,12,1,6.326169193422764
1123,Quimica,10,1,8.923091445885184
1130,Fundamentos de fisica,6,1,8.245281727638353
1122,Fundamentos de programacion,10,1,7.246108073055396
