clave,nombre,creditos,semestre,calificacion
1120,Algebra,8,1,8.378522603866928
1121,Calculo y geometria analitica,12,1,7.8663610267377795
1123,Quimica,10,1,9.885502595251586
1130,Fundamentos de fisica,6,1,7.93389109961837
1122,Fundamentos de programacion,10,1,6.89051446525743
