clave,nombre,creditos,semestre,calificacion
1120,Algebra,8,1,8.609557459898948
1121,Calculo y geometria analitica,12,1,7.250497314496283
1123,Quimica,10,1,6.9009130887926595
1130,Fundamentos de fisica,6,1,9.058819206030307
1122,Fundamentos de programacion,10,1,8.226945113714564
