clave,nombre,creditos,semestre,calificacion
1120,Algebra,8,1,9.385940784422905
1121,Calculo y geometria analitica,12,1,8.457720533320582
1123,Quimica,10,1,8.128727889771952
1122,Fundamentos de programacion,10,1,9.734744810969456
1130,Fundamentos de fisica,6,1,9.66597432875448
