clave,nombre,creditos,semestre,calificacion
1120,Algebra,8,1,9.253478534478317
1121,Calculo y geometria analitica,12,1,9.47292903371486
1123,Quimica,10,1,6.57562553072934
1130,Fundamentos de fisica,6,1,9.087793513815281
1122,Fundamentos de programacion,10,1,8.721179099649945
