clave,nombre,creditos,semestre,calificacion
1120,Algebra,8,1,8.270006646119382
1121,Calculo y geometria analitica,12,1,9.364191048500878
1123,Quimica,10,1,9.398831401121585
1122,Fundamentos de programacion,10,1,7.176189776318193
1130,Fundamentos de fisica,6,1,6.043507995663388
