clave,nombre,creditos,semestre,calificacion
1120,Algebra,8,1,8.385167610621963
1121,Calculo y geometria analitica,12,1,7.912556421754774
1123,Quimica,10,1,8.255626210503056
1130,Fundamentos de fisica,6,1,6.420630809463868
1122,Fundamentos de programacion,10,1,6.553100228354442
