clave,nombre,creditos,semestre,calificacion
1120,Algebra,8,1,7.1857005161254826
1121,Calculo y geometria analitica,12,1,7.748141603069946
1123,Quimica,10,1,8.116249251952619
1130,Fundamentos de fisica,6,1,8.560952355936598
1122,Fundamentos de programacion,10,1,6.4224753367766345
