clave,nombre,creditos,semestre,calificacion
1120,Algebra,8,1,9.09140800823787
1121,Calculo y geometria analitica,12,1,7.37518700972411
1130,Fundamentos de fisica,6,1,9.26447751117572
1122,Fundamentos de programacion,10,1,9.175619520709947
1123,Quimica,10,1,9.098467875718274
