clave,nombre,creditos,semestre,calificacion
1120,Algebra,8,1,9.957694639533294
1121,Calculo y geometria analitica,12,1,9.710358165007456
1123,Quimica,10,1,7.2517779276233405
1130,Fundamentos de fisica,6,1,9.464902041206166
1122,Fundamentos de programacion,10,1,8.528006555325966
