clave,nombre,creditos,semestre,calificacion
1121,Calculo y geometria analitica,12,1,6.574675240756518
1123,Quimica,10,1,7.2826493705732105
1130,Fundamentos de fisica,6,1,9.27304788719606
1122,Fundamentos de programacion,10,1,9.065410312720818
1120,Algebra,8,1,7.948756647244244
