clave,nombre,creditos,semestre,calificacion
1120,Algebra,8,1,6.4282926742471584
1121,Calculo y geometria analitica,12,1,8.914103609868807
1123,Quimica,10,1,9.528230610346265
1130,Fundamentos de fisica,6,1,9.910167400138945
1122,Fundamentos de programacion,10,1,9.72935784636391
