clave,nombre,creditos,semestre,calificacion
1120,Algebra,8,1,6.7491259821308525
1121,Calculo y geometria analitica,12,1,8.254657824125323
1130,Fundamentos de fisica,6,1,7.523939780178537
1122,Fundamentos de programacion,10,1,8.204924040976012
1123,Quimica,10,1,8.816779107711906
