clave,nombre,creditos,semestre,calificacion
1120,Algebra,8,1,7.863908190440409
1121,Calculo y geometria analitica,12,1,6.320294431410228
1123,Quimica,10,1,8.887245446491375
1130,Fundamentos de fisica,6,1,8.79660898258535
1122,Fundamentos de programacion,10,1,8.857465521266768
