clave,nombre,creditos,semestre,calificacion
1120,Algebra,8,1,9.93226120094314
1121,Calculo y geometria analitica,12,1,8.58237548361912
1123,Quimica,10,1,7.259059164571088
1130,Fundamentos de fisica,6,1,7.418403985200724
1122,Fundamentos de programacion,10,1,9.651349539777842
