clave,nombre,creditos,semestre,calificacion
1120,Algebra,8,1,6.47396304240878
1123,Quimica,10,1,8.497823676322527
1130,Fundamentos de fisica,6,1,6.685222466419436
1122,Fundamentos de programacion,10,1,6.583730881600321
1121,Calculo y geometria analitica,12,1,6.7978087865872645
