clave,nombre,creditos,semestre,calificacion
1120,Algebra,8,1,9.907905033427397
1121,Calculo y geometria analitica,12,1,7.660888218117359
1123,Quimica,10,1,8.266454953738753
1130,Fundamentos de fisica,6,1,7.18257724674136
1122,Fundamentos de programacion,10,1,8.34610475455833
