clave,nombre,creditos,semestre,calificacion
1120,Algebra,8,1,8.572813303773195
1121,Calculo y geometria analitica,12,1,6.064851321370539
1123,Quimica,10,1,9.97957979849981
1130,Fundamentos de fisica,6,1,9.158251891629613
1122,Fundamentos de programacion,10,1,9.79783854764512
