clave,nombre,creditos,semestre,calificacion
1120,Algebra,8,1,9.025694524617258
1121,Calculo y geometria analitica,12,1,9.1847902811164
1123,Quimica,10,1,6.618303808575361
1130,Fundamentos de fisica,6,1,7.983579470327419
1122,Fundamentos de programacion,10,1,9.033151589955192
