clave,nombre,creditos,semestre,calificacion
1120,Algebra,8,1,7.222034358445718
1121,Calculo y geometria analitica,12,1,8.21849282048671
1130,Fundamentos de fisica,6,1,7.03597524060512
1122,Fundamentos de programacion,10,1,8.678180522079193
1123,Quimica,10,1,9.452913512859606
