clave,nombre,creditos,semestre,calificacion
1120,Algebra,8,1,6.335295918733991
1121,Calculo y geometria analitica,12,1,8.568839104402187
1123,Quimica,10,1,7.765269803911359
1130,Fundamentos de fisica,6,1,6.108070836561205
1122,Fundamentos de programacion,10,1,8.022698920135724
