clave,nombre,creditos,semestre,calificacion
1120,Algebra,8,1,8.617144078273187
1121,Calculo y geometria analitica,12,1,7.516014591917596
1123,Quimica,10,1,8.614392442547285
1130,Fundamentos de fisica,6,1,7.124545179116506
1122,Fundamentos de programacion,10,1,7.458608545032204
