clave,nombre,creditos,semestre,calificacion
1120,Algebra,8,1,7.721168764646144
1121,Calculo y geometria analitica,12,1,9.67204544109854
1123,Quimica,10,1,9.163501277761886
1130,Fundamentos de fisica,6,1,7.56434117540922
1122,Fundamentos de programacion,10,1,9.44929220949306
