clave,nombre,creditos,semestre,calificacion
1120,Algebra,8,1,8.734547602288309
1121,Calculo y geometria analitica,12,1,9.375617694640571
1123,Quimica,10,1,9.311647241918436
1130,Fundamentos de fisica,6,1,6.594011513779692
1122,Fundamentos de programacion,10,1,9.950883206442944
