clave,nombre,creditos,semestre,calificacion
1120,Algebra,8,1,8.198146990250109
1123,Quimica,10,1,9.87590367395056
1130,Fundamentos de fisica,6,1,6.094589944510728
1122,Fundamentos de programacion,10,1,7.413162319786047
1121,Calculo y geometria analitica,12,1,7.4699742766486
