clave,nombre,creditos,semestre,calificacion
1121,Calculo y geometria analitica,12,1,8.774732349599743
1123,Quimica,10,1,8.772098035552292
1130,Fundamentos de fisica,6,1,8.641337108322272
1122,Fundamentos de programacion,10,1,8.559185975247626
1120,Algebra,8,1,8.527130567283898
