clave,nombre,creditos,semestre,calificacion
1120,Algebra,8,1,8.118023860966911
1121,Calculo y geometria analitica,12,1,8.686043705438088
1123,Quimica,10,1,9.885338756621314
1130,Fundamentos de fisica,6,1,8.899128808657254
1122,Fundamentos de programacion,10,1,9.465267890757508
